Protein_id,Gene_id,PxAbundance,GC,TAA,TGA,TAG,Residual,Switch,Recombination
ENSP00000375428,ENSG00000212899,11.1,0.622895622895623,1,0,0,-36.25452871206337,TGA>TAA,0.0
ENSP00000297533,ENSG00000164897,13.1,0.65939577981521,0,0,1,-32.54413749247655,TAG_stay,3.722993
ENSP00000355001,ENSG00000198914,0.235,0.7391882900864937,0,1,0,-41.670073869888206,TGA_stay,2.3e-05
ENSP00000288937,ENSG00000158042,12.9,0.5768726989521382,1,0,0,-36.611155194137645,TAA_stay,2.050697
ENSP00000296777,ENSG00000164326,2.21,0.5897435897435898,0,1,0,-46.69802741453771,TGA_stay,0.0
ENSP00000301071,ENSG00000167552,714,0.5365245127257225,1,0,0,662.5981355795992,TAA_stay,0.0
ENSP00000317333,ENSG00000178403,0.498,0.6898656898656899,0,0,1,-43.7183226278239,TAG_stay,1.06417
ENSP00000361721,ENSG00000179862,0.196,0.781981981981982,0,1,0,-39.70376865892709,TGA_stay,0.798072
ENSP00000332194,ENSG00000184260,539,0.6282051282051282,1,0,0,491.8942738145048,TAA_stay,0.018042
ENSP00000332198,ENSG00000182117,35.0,0.4841995841995842,0,1,0,-18.853801778198488,TAA>TGA,0.0
ENSP00000011292,ENSG00000091704,4.11,0.5745288176283706,0,1,0,-45.5109890790921,TGA_stay,1.061832
ENSP00000294189,ENSG00000162244,486,0.5377754479644142,0,0,1,434.65675419467107,TAG_stay,0.21034
ENSP00000357442,ENSG00000163348,2.73,0.6234234234234235,0,1,0,-44.59979606802482,TGA_stay,0.0
ENSP00000367891,ENSG00000205076,30.3,0.6682389937106918,0,1,0,-14.929745975391224,TGA_stay,4.904791
ENSP00000368402,ENSG00000180332,0.039,0.4025641025641026,1,0,0,-57.64022672921122,TAA_stay,1.965225
ENSP00000360266,ENSG00000177606,3.12,0.643574297188755,0,1,0,-43.26552950963285,TGA_stay,0.0
ENSP00000292377,ENSG00000213420,0.105,0.6306832694763729,1,0,0,-46.88460090196368,TAA_stay,0.176536
ENSP00000356529,ENSG00000143333,0.265,0.5615763546798029,0,1,0,-49.962939316266706,TGA_stay,4.430401
ENSP00000323587,ENSG00000179914,2.56,0.524416135881104,0,1,0,-49.409260924588665,TGA_stay,0.0
ENSP00000266671,ENSG00000139289,0.541,0.6617233119206014,0,1,0,-44.9940697291478,TGA_stay,0.602866
ENSP00000386201,ENSG00000221855,0.196,0.5010822510822511,0,0,1,-52.866682845122696,TAG_stay,0.367676
ENSP00000358045,ENSG00000143369,220,0.5802939298349141,0,1,0,170.64916311010887,TGA_stay,0.0
ENSP00000321962,ENSG00000176971,0.651,0.5833333333333334,0,0,1,-48.55741095271146,TAG_stay,0.0
ENSP00000342836,ENSG00000197706,0.609,0.402555910543131,0,1,0,-57.07061060593732,TGA_stay,3.1245
ENSP00000359396,ENSG00000203909,0,0.5754985754985755,0,1,0,-49.57554638825715,TGA_stay,0.0
ENSP00000322801,ENSG00000180988,0,0.4865424430641822,0,1,0,-53.744015805508894,TGA_stay,0.0
ENSP00000363386,ENSG00000197245,0.524,0.7279411764705882,0,1,0,-41.908111723909514,TGA_stay,0.0
ENSP00000242159,ENSG00000122592,0.734,0.544662463140724,0,1,0,-50.28652143149481,TGA_stay,0.0
ENSP00000346954,ENSG00000105518,46.4,0.5861020883682387,0,0,1,-2.67866755705095,TAG_stay,0.730803
ENSP00000303211,ENSG00000087085,0.329,0.6500475802574106,0,1,0,-45.753192552837824,TGA_stay,0.0
ENSP00000244745,ENSG00000124766,1.36,0.7045614035087719,0,1,0,-42.167683956048734,TGA_stay,13.448127
ENSP00000364683,ENSG00000095739,1.92,0.5197956577266922,0,1,0,-50.26577575445664,TGA_stay,0.0
ENSP00000364683,ENSG00000095739,1.92,0.5197956577266922,0,1,0,-50.26577575445664,TGA_stay,0.0
ENSP00000349669,ENSG00000196900,0.268,0.41728395061728396,1,0,0,-56.721457123034455,TGA>TAA,0.0
ENSP00000334452,ENSG00000186881,2.33,0.4635416666666667,1,0,0,-52.49182832233342,TAA>TGA,0.0
ENSP00000222329,ENSG00000105722,3.1,0.6039638555046316,0,1,0,-45.14166815061836,TGA_stay,0.0
ENSP00000363229,ENSG00000187714,0.656,0.6597873671044403,0,0,1,-44.96978777790746,TAG_stay,0.173095
ENSP00000308082,ENSG00000175398,0.346,0.583864118895966,0,1,0,-48.8375384304423,TAA>TGA,0.0
ENSP00000297436,ENSG00000164822,19.7,0.5247524752475248,0,1,0,-32.25350011839831,TGA_stay,2.615717
ENSP00000315949,ENSG00000175879,0.132,0.5451864989348228,1,0,0,-50.86396520224489,TAA_stay,2.118663
ENSP00000256010,ENSG00000133636,1.08,0.3853557504873294,0,1,0,-57.40560721575309,TGA_stay,0.0
ENSP00000270502,ENSG00000142444,15.1,0.6771118409049444,0,1,0,-29.713965846905225,TGA_stay,0.710727
ENSP00000445626,ENSG00000135625,0,0.6843925103539483,0,1,0,-44.47279490000423,TAG>TGA,0.0
ENSP00000416154,ENSG00000233493,1.81,0.7984934086629002,0,1,0,-37.31604597932022,TGA_stay,0.570631
ENSP00000361748,ENSG00000160446,0.122,0.6508266899819773,0,0,1,-45.923683602070035,TAG_stay,0.0
ENSP00000321584,ENSG00000178035,234,0.521727704020312,0,1,0,181.90475961019186,TGA_stay,0.224114
ENSP00000296877,ENSG00000164406,74.5,0.5128205128205128,0,1,0,21.987370127377282,TGA_stay,0.527918
ENSP00000350716,ENSG00000198680,0.876,0.7402190923317684,0,0,1,-40.98077064989569,TAG_stay,11.829648
ENSP00000326445,ENSG00000178343,2.05,0.6415620641562064,0,1,0,-44.42982241139259,TGA_stay,0.0
ENSP00000342513,ENSG00000126709,0.782,0.6387397178666453,0,0,1,-45.83007708424054,TAG_stay,0.336449
ENSP00000341987,ENSG00000187918,0,0.4941427050053248,0,1,0,-53.38786880813217,TGA_stay,1.215309
ENSP00000308450,ENSG00000117399,2.94,0.5746666666666667,0,1,0,-46.67452949632238,TGA_stay,0.192608
ENSP00000282572,ENSG00000152669,0.108,0.6908184408184408,1,0,0,-44.06367687828293,TAA>TAG,0.0
ENSP00000325076,ENSG00000254737,0.022,0.5395299145299145,1,0,0,-51.239031796898765,TAA_stay,0.0
ENSP00000293404,ENSG00000161653,0.099,0.6653785776869159,0,1,0,-45.26478458958706,TGA_stay,0.0
ENSP00000292090,ENSG00000160606,1.94,0.5329054254882892,0,1,0,-49.63145424017776,TGA_stay,3.634023
ENSP00000264824,ENSG00000104903,0.387,0.6603940798366852,0,1,0,-45.21035732122945,TGA_stay,0.202961
ENSP00000242462,ENSG00000122859,0.415,0.6806201550387597,0,1,0,-44.23456683614892,TGA_stay,12.466749
ENSP00000340989,ENSG00000175793,205,0.6211512717536813,0,1,0,157.56373128655457,TGA_stay,0.56652
ENSP00000327786,ENSG00000182264,0.338,0.506397430187131,0,1,0,-52.475614445456735,TAA_stay,0.0
ENSP00000359212,ENSG00000138136,0.929,0.6713947990543735,0,1,0,-44.15286546730328,TGA_stay,0.0
ENSP00000357127,ENSG00000203757,0.308,0.44393396370291294,1,0,0,-55.43264198824053,TAA_stay,2.976299
ENSP00000313422,ENSG00000182196,16.8,0.6240894364668856,0,1,0,-30.498586808728273,TGA_stay,0.0
ENSP00000370297,ENSG00000147869,0.373,0.5248756218905473,0,1,0,-51.57472948740044,TAA>TGA,3.306041
ENSP00000225916,ENSG00000108773,0.82,0.5566176372534818,1,0,0,-49.64030398157696,TAG_stay,0.113141
ENSP00000294189,ENSG00000162244,486,0.5377754479644142,0,0,1,434.65675419467107,TAG_stay,0.21034
ENSP00000252818,ENSG00000130522,2.93,0.7153793103448276,0,1,0,-40.09075865960518,TGA_stay,7.089219
ENSP00000320649,ENSG00000179071,0.382,0.552,0,0,1,-50.29468568730476,TAA>TAG,0.121995
ENSP00000355692,ENSG00000162910,15.4,0.652266492539887,0,1,0,-30.578214696157858,TGA_stay,1.143021
ENSP00000377558,ENSG00000197079,34.4,0.603909274359608,0,1,0,-13.844225813902085,TGA_stay,0.0
ENSP00000262525,ENSG00000102870,0.524,0.6340996168582376,0,1,0,-46.30551143774923,TGA_stay,0.0
ENSP00000367934,ENSG00000164405,43.4,0.5140562248995983,0,1,0,-9.054724612251874,TGA_stay,3.058432
ENSP00000306974,ENSG00000171505,0.311,0.503466248873597,0,0,1,-52.63996910923888,TAG_stay,0.0
ENSP00000306974,ENSG00000171505,0.311,0.503466248873597,0,0,1,-52.63996910923888,TAA>TGA,0.0
ENSP00000301599,ENSG00000167874,0.57,0.6406906167979003,1,0,0,-45.95065828816053,TGA>TAA,0.801699
ENSP00000364016,ENSG00000204264,142,0.5480355114635448,1,0,0,91.13753904608902,TAA_stay,1.721867
ENSP00000266581,ENSG00000139211,0.177,0.4697259400892288,1,0,0,-54.35503430898773,TAA_stay,0.279102
ENSP00000377504,ENSG00000133250,1.22,0.7033354901437366,0,1,0,-42.3651300503258,TGA_stay,0.0
ENSP00000364180,ENSG00000213654,22.2,0.6403946851167545,0,1,0,-24.334525597009222,TAA>TGA,6e-06
ENSP00000345420,ENSG00000187855,0.085,0.7222222222222222,0,0,1,-42.615100958946876,TAG_stay,0.572777
ENSP00000228644,ENSG00000111049,0.645,0.5638020833333334,0,1,0,-49.4786420455846,TGA_stay,0.0
ENSP00000372005,ENSG00000205981,42.9,0.40362340960167054,0,1,0,-14.729587779441921,TGA_stay,0.0
ENSP00000006015,ENSG00000005073,0.7,0.6201182679943782,1,0,0,-46.78467509601538,TAA_stay,3.942215
ENSP00000352119,ENSG00000196787,415,0.6361323155216285,1,0,0,368.2657404800326,TGA>TAA,0.0
ENSP00000352119,ENSG00000196787,415,0.6361323155216285,1,0,0,368.2657404800326,TGA>TAG,0.0
ENSP00000250378,ENSG00000092009,6.9,0.5381249509457656,1,0,0,-44.42686815435501,TAA_stay,1.18612
ENSP00000342374,ENSG00000125743,602,0.5495426257199599,0,0,1,551.2081621668817,TAG_stay,4.287835
ENSP00000296028,ENSG00000163736,2521,0.46511627906976744,1,0,0,2466.2519577502703,TAA_stay,1.467757
ENSP00000409346,ENSG00000114737,0.541,0.6143962285266633,0,1,0,-47.21180890391298,TGA_stay,0.0
ENSP00000329735,ENSG00000185614,0.457,0.6293706293706294,0,1,0,-46.59411099673635,TGA_stay,0.0
ENSP00000372005,ENSG00000205981,42.9,0.40362340960167054,0,1,0,-14.729587779441921,TGA_stay,0.0
ENSP00000366645,ENSG00000132631,0.028,0.49044585987261147,1,0,0,-53.533102349815174,TAA_stay,0.36484
ENSP00000310127,ENSG00000126456,12.7,0.6286096295215368,0,1,0,-34.38677132178269,TAA>TGA,0.292681
ENSP00000344504,ENSG00000189060,128,0.5675213675213675,0,1,0,78.05064298645995,TGA_stay,1.103395
ENSP00000396085,ENSG00000225781,0.448,0.5307855626326964,0,1,0,-51.2227906573587,TGA>TAA,0.403325
ENSP00000387471,ENSG00000166595,36.6,0.6118433512153594,0,1,0,-11.272436305722685,TGA_stay,0.0
ENSP00000294189,ENSG00000162244,486,0.5377754479644142,0,0,1,434.65675419467107,TAG_stay,0.21034
ENSP00000366525,ENSG00000087086,157,0.5662878787878788,1,0,0,106.99284191169016,TAG>TAA,0.000208
ENSP00000264703,ENSG00000115226,0.169,0.5886524822695035,0,1,0,-48.79015652741836,TGA_stay,0.0
ENSP00000281043,ENSG00000134323,0.754,0.6246662715547653,0,0,1,-46.51755641344443,TAA>TAG,0.70059
ENSP00000364257,ENSG00000188784,0.034,0.5990675990675991,0,1,0,-48.437105904466804,TAG>TAA,0.43362
ENSP00000364257,ENSG00000188784,0.034,0.5990675990675991,0,1,0,-48.437105904466804,TAG>TGA,0.43362
ENSP00000272139,ENSG00000143793,7.4,0.6502525252525253,0,1,0,-38.672588864806706,TGA_stay,1.143021
ENSP00000376322,ENSG00000128714,0.188,0.6346899224806202,0,1,0,-46.613849815482226,TGA_stay,0.349125
ENSP00000364298,ENSG00000204315,0.699,0.559047619047619,0,1,0,-49.64743544304973,TGA_stay,0.0
ENSP00000364298,ENSG00000204315,0.699,0.559047619047619,0,1,0,-49.64743544304973,TAA_stay,0.0
ENSP00000257857,ENSG00000135404,22.4,0.5099957311378335,0,0,1,-30.244998667582927,TAG_stay,0.016766
ENSP00000310722,ENSG00000172680,0.027,0.6099903938520653,0,1,0,-47.93226557638661,TGA_stay,0.0
ENSP00000253794,ENSG00000131475,26.7,0.5538927749379726,0,0,1,-23.887990571782527,TAG_stay,0.051077
ENSP00000254803,ENSG00000132467,16.8,0.47638888888888886,0,1,0,-37.4198096479102,TGA_stay,0.0
ENSP00000364166,ENSG00000204300,0.002,0.41490558509768527,0,1,0,-57.098906931610664,TGA_stay,0.0
ENSP00000401767,ENSG00000229972,0.01,0.5613589567604668,0,1,0,-50.228126546234186,TGA_stay,1.2e-05
ENSP00000361032,ENSG00000148291,6.82,0.603112840466926,1,0,0,-41.46154657227651,TAA_stay,0.0
ENSP00000442339,ENSG00000205307,0.003,0.6748769574944072,0,0,1,-44.91569210796224,TAG_stay,3.459653
ENSP00000361104,ENSG00000171102,0.455,0.585035851378311,0,0,1,-48.67363124322328,TAG_stay,5.391668
ENSP00000294189,ENSG00000162244,486,0.5377754479644142,0,0,1,434.65675419467107,TAG_stay,0.21034
ENSP00000369559,ENSG00000167359,0,0.47619047619047616,0,1,0,-54.22910723361558,TGA_stay,0.0
ENSP00000295683,ENSG00000163464,0.113,0.5280151946818613,0,1,0,-51.68760963398864,TGA>TAA,0.228996
ENSP00000356990,ENSG00000162755,0.203,0.6149530400395452,1,0,0,-47.52371680998866,TGA>TAA,3.637698
ENSP00000219197,ENSG00000102924,0.417,0.6103921425263825,0,1,0,-47.523439701019925,TGA_stay,0.119512
ENSP00000255030,ENSG00000132693,178,0.5106548912419779,0,1,0,125.3858894641288,TGA_stay,0.724848
ENSP00000361569,ENSG00000188483,0.004,0.7432098765432099,0,0,1,-41.71262300433356,TAG_stay,0.026154
ENSP00000308845,ENSG00000128626,15.5,0.6498800959232613,0,1,0,-30.590040840591172,TGA_stay,0.0
ENSP00000309812,ENSG00000174255,0.033,0.4951338199513382,0,1,0,-53.30842532831379,TGA_stay,0.0
ENSP00000364217,ENSG00000204305,9.62,0.5990602015363277,0,1,0,-38.85145255153907,TGA_stay,0.0
ENSP00000314946,ENSG00000177519,0.416,0.6424242424242425,0,1,0,-46.023420882637076,TGA_stay,0.0
ENSP00000216037,ENSG00000100219,1.48,0.5597577004269503,1,0,0,-48.83316114893982,TAA_stay,0.024141
ENSP00000302855,ENSG00000169548,0.001,0.4419889502762431,0,1,0,-55.83078499056471,TAA>TGA,16.75407
ENSP00000296776,ENSG00000164325,0,0.5409836065573771,0,0,1,-51.192912032777386,TAG_stay,0.0
ENSP00000370253,ENSG00000167034,0.507,0.6115248226950355,1,0,0,-47.380362498657966,TAA_stay,2.739185
ENSP00000370253,ENSG00000167034,0.507,0.6115248226950355,1,0,0,-47.380362498657966,TGA_stay,2.739185
ENSP00000302770,ENSG00000170684,0.371,0.6737810168315114,0,1,0,-44.599047703258314,TGA_stay,0.017352
ENSP00000227665,ENSG00000110243,1.3,0.6397871900113821,0,1,0,-45.262992715560515,TGA_stay,0.000931
ENSP00000365145,ENSG00000179772,0.392,0.6435045317220544,1,0,0,-45.99679870767871,TGA>TAA,2.385117
ENSP00000310803,ENSG00000173349,1.59,0.7746913580246914,0,1,0,-38.651406072413586,TGA_stay,0.679513
ENSP00000298352,ENSG00000165553,0.608,0.625,1,0,0,-46.64791795458209,TGA>TAA,0.0
ENSP00000322579,ENSG00000040633,1.39,0.5575716222811805,0,1,0,-49.02560040349132,TGA_stay,2.636442
ENSP00000322579,ENSG00000040633,1.39,0.5575716222811805,0,1,0,-49.02560040349132,TAA>TAG,2.636442
ENSP00000355645,ENSG00000143632,664,0.6158315177923022,0,0,1,616.3144485098818,TAG_stay,0.744314
ENSP00000382675,ENSG00000168913,0,0.6363636363636364,0,1,0,-46.72341986418317,TGA_stay,0.0
ENSP00000382675,ENSG00000168913,0,0.6363636363636364,0,1,0,-46.72341986418317,TAG>TAA,0.0
ENSP00000342374,ENSG00000125743,602,0.5495426257199599,0,0,1,551.2081621668817,TAG_stay,4.287835
ENSP00000317564,ENSG00000176401,7.85,0.6563786008230452,0,1,0,-37.93552199302787,TAA>TGA,0.0
ENSP00000241256,ENSG00000121853,0,0.6146982367127063,0,1,0,-47.73865685106594,TGA_stay,11.683005
ENSP00000084798,ENSG00000063180,0.038,0.6069739952718676,0,0,1,-48.062613506964304,TGA_stay,7.17506
ENSP00000348838,ENSG00000175063,15.9,0.570193475097185,0,1,0,-33.924142501571275,TGA_stay,19.501335
ENSP00000369251,ENSG00000180660,0.081,0.5546296296296296,0,0,1,-50.47246168475614,TAG_stay,5.052697
ENSP00000355140,ENSG00000120094,0.563,0.6193308321253637,1,0,0,-46.95857420851283,TGA_stay,0.159962
ENSP00000436004,ENSG00000254834,0,0.4451476793248945,0,0,1,-55.68376747815319,TAA>TGA,0.0
ENSP00000359392,ENSG00000203908,0.345,0.6009174311926605,0,1,0,-48.03942308194127,TGA_stay,0.0
ENSP00000231121,ENSG00000113196,0.172,0.6527777777777778,0,1,0,-45.78225595582917,TGA_stay,0.0
ENSP00000361185,ENSG00000204033,0.049,0.5386668003834653,0,1,0,-51.25247718075944,TGA_stay,2.10474
ENSP00000368503,ENSG00000205208,0.513,0.5944976076555024,1,0,0,-48.172254934073926,TGA>TAA,3.792913
ENSP00000292301,ENSG00000121807,0.363,0.4651704676254443,0,0,1,-54.38250298311679,TAA>TAG,0.304316
ENSP00000254616,ENSG00000132286,5.13,0.6185897435897436,0,0,1,-42.42630149275583,TAG_stay,0.036031
ENSP00000366307,ENSG00000178726,5.01,0.6834490740740741,0,1,0,-39.50700416553949,TGA_stay,2.212119
ENSP00000342374,ENSG00000125743,602,0.5495426257199599,0,0,1,551.2081621668817,TAG_stay,4.287835
ENSP00000357706,ENSG00000196420,0.098,0.5053763440860215,0,1,0,-52.76346236856642,TGA_stay,1.725732
ENSP00000294189,ENSG00000162244,486,0.5377754479644142,0,0,1,434.65675419467107,TAG_stay,0.21034
ENSP00000454913,ENSG00000260286,0,0.4199134199134199,0,0,1,-56.86624063368642,TAG_stay,0.0
ENSP00000267884,ENSG00000140319,462,0.4930446081223699,1,0,0,408.5606745564621,TGA>TAA,2e-06
ENSP00000358963,ENSG00000135312,0.432,0.5652173913043478,0,1,0,-49.625320951898146,TGA_stay,1.669915
ENSP00000300835,ENSG00000156858,1.32,0.6450478725259436,0,0,1,-44.996478016958996,TAG_stay,0.0
ENSP00000306754,ENSG00000171532,0.574,0.6771105308964317,0,1,0,-44.24002723368399,TGA_stay,0.0
ENSP00000382777,ENSG00000182816,4.34,0.5776515151515151,0,1,0,-45.13465999791093,TAA>TGA,0.836368
ENSP00000361597,ENSG00000149634,0,0.6271929824561403,0,0,1,-47.153155165206854,TAG_stay,0.16018
ENSP00000386378,ENSG00000116031,0.039,0.49746707193515705,0,1,0,-53.193089532443125,TGA_stay,0.0
ENSP00000269299,ENSG00000141505,0.598,0.60679305081166,1,0,0,-47.51109253396284,TAA_stay,4.380485
ENSP00000226091,ENSG00000108947,0.473,0.6432062561094819,0,1,0,-45.92977585276016,TGA_stay,0.0
ENSP00000315615,ENSG00000179841,0.706,0.40342679127725856,0,1,0,-56.93280128108316,TGA_stay,0.0
ENSP00000367965,ENSG00000198944,0.567,0.7212121212121212,0,1,0,-42.18043412253789,TGA_stay,0.00102
ENSP00000256104,ENSG00000170323,330,0.43220551378446115,1,0,0,273.70976481948696,TAA_stay,0.0
ENSP00000256104,ENSG00000170323,330,0.43220551378446115,1,0,0,273.70976481948696,TGA_stay,0.0
ENSP00000447537,ENSG00000135441,4.01,0.5837207542013033,0,0,1,-45.18025647594249,TAG_stay,0.0
ENSP00000294189,ENSG00000162244,486,0.5377754479644142,0,0,1,434.65675419467107,TAG_stay,0.21034
ENSP00000225474,ENSG00000108342,2.5,0.6494689167978257,0,1,0,-43.60930862531253,TGA_stay,1.99505
ENSP00000243911,ENSG00000124089,0.323,0.5689300411522634,0,0,1,-49.56034680391668,TAG_stay,0.933582
ENSP00000238558,ENSG00000133937,0.128,0.6834625322997416,0,1,0,-44.388373515346295,TGA_stay,0.492947
ENSP00000301046,ENSG00000167531,28.9,0.45791976840363935,0,1,0,-26.185269530207577,TGA_stay,4e-06
ENSP00000254868,ENSG00000132514,0.105,0.5598079810558196,0,1,0,-50.20580500712041,TGA_stay,0.068334
ENSP00000364263,ENSG00000178828,0.236,0.6359649122807017,0,1,0,-46.506104007705936,TGA_stay,1e-05
ENSP00000320488,ENSG00000177432,2.21,0.5919854280510018,1,0,0,-46.592975248181865,TAA_stay,2.053164
ENSP00000363284,ENSG00000148229,32.3,0.527027027027027,0,1,0,-19.546915004237654,TGA_stay,1.377306
ENSP00000294189,ENSG00000162244,486,0.5377754479644142,0,0,1,434.65675419467107,TAG_stay,0.21034
ENSP00000273590,ENSG00000145022,0.392,0.6057692307692307,1,0,0,-47.76506856910334,TAA_stay,0.0
ENSP00000367219,ENSG00000168828,0.476,0.5889243876464324,0,1,0,-48.47041508714778,TGA_stay,0.0
ENSP00000334798,ENSG00000186393,12.2,0.4683724235963042,1,0,0,-42.39545986439464,TAA_stay,0.743339
ENSP00000334798,ENSG00000186393,12.2,0.4683724235963042,1,0,0,-42.39545986439464,TGA_stay,0.743339
ENSP00000356623,ENSG00000164442,1.15,0.6275373272830657,0,1,0,-45.98701922448253,TGA_stay,5.853825
ENSP00000292614,ENSG00000005075,8.18,0.5477827523718153,0,0,1,-42.69430520247456,TAG_stay,0.0
ENSP00000323588,ENSG00000181449,1.45,0.6582809224318659,0,1,0,-44.24637952211397,TGA_stay,0.0
ENSP00000216071,ENSG00000100249,0,0.5200458190148912,0,0,1,-52.174053238529964,TAG_stay,0.0
ENSP00000362273,ENSG00000116863,51.7,0.6053113553113553,0,1,0,3.5214754638842507,TGA_stay,0.215875
ENSP00000318154,ENSG00000178988,0.686,0.5911458333333334,0,1,0,-48.156318515562205,TGA_stay,0.306386
ENSP00000326391,ENSG00000180535,0.279,0.7017543859649122,0,0,1,-43.38022032644903,TAG_stay,1.20037
ENSP00000342374,ENSG00000125743,602,0.5495426257199599,0,0,1,551.2081621668817,TAG_stay,4.287835
ENSP00000280155,ENSG00000150594,2.1,0.6888412017167382,0,1,0,-42.16432997032377,TGA_stay,0.0
ENSP00000368362,ENSG00000205186,0.332,0.40852130325814534,0,1,0,-57.06807330576554,TGA_stay,0.0
ENSP00000321338,ENSG00000176540,0.061,0.44954128440366975,0,0,1,-55.41688388248469,TAA>TAG,0.0
ENSP00000226382,ENSG00000109132,0.22,0.6613756613756614,0,1,0,-45.33136057526279,TGA_stay,0.098383
ENSP00000258456,ENSG00000135973,0.143,0.6166219839142091,0,0,1,-47.505510380479414,TAG_stay,2.832688
ENSP00000306245,ENSG00000170345,0.574,0.6051184871141323,0,1,0,-47.6135623074271,TGA_stay,0.0
ENSP00000307515,ENSG00000172457,0.106,0.4517747214213356,0,1,0,-55.267225399154555,TGA_stay,0.469676
ENSP00000292513,ENSG00000160951,3.91,0.7402812241521919,1,0,0,-37.94385916323158,TAA_stay,0.682462
ENSP00000369755,ENSG00000205502,0.935,0.765296803652968,0,1,0,-39.74663331156564,TGA_stay,0.007052
ENSP00000272520,ENSG00000144119,0.025,0.6701388888888888,0,0,1,-45.1157172066086,TAG_stay,0.468648
ENSP00000382777,ENSG00000182816,4.34,0.5776515151515151,0,1,0,-45.13465999791093,TAA>TGA,0.836368
ENSP00000259239,ENSG00000136718,32.3,0.6016851828582273,0,1,0,-16.048446367909563,TGA_stay,0.0
ENSP00000368797,ENSG00000120696,0.312,0.5172749391727494,1,0,0,-51.991896202300524,TAA_stay,1.677568
ENSP00000379047,ENSG00000164051,18.7,0.5892693846643301,1,0,0,-30.230248584864075,TAG>TAA,0.0
ENSP00000221515,ENSG00000104918,5.51,0.6282991292386672,0,1,0,-41.59132131285997,TGA_stay,10.496066
ENSP00000342448,ENSG00000187612,0,0.4062165058949625,1,0,0,-57.50807572289486,TAA_stay,0.0
ENSP00000305469,ENSG00000197887,0,0.4528296647654142,0,1,0,-55.32379093132887,TAA>TGA,1.021445
ENSP00000279488,ENSG00000139318,0.191,0.5818624907041902,0,1,0,-49.08633439114551,TGA_stay,0.340584
ENSP00000428824,ENSG00000179921,0.164,0.6666666666666666,1,0,0,-45.139424956452714,TAG>TAA,0.0
ENSP00000428824,ENSG00000179921,0.164,0.6666666666666666,1,0,0,-45.139424956452714,TGA_stay,0.0
ENSP00000359128,ENSG00000107833,34.3,0.5884543761638734,0,0,1,-14.668439746237468,TAG_stay,0.868983
ENSP00000295082,ENSG00000162975,0.352,0.632996632996633,0,1,0,-46.52919707615322,TGA_stay,5.678799
ENSP00000261058,ENSG00000138483,0.273,0.3971631205673759,0,0,1,-57.659315837970375,TAG_stay,0.0
ENSP00000386151,ENSG00000221813,0.034,0.4775641025641026,0,0,1,-54.13073933257834,TAA>TAG,1e-06
ENSP00000386151,ENSG00000221813,0.034,0.4775641025641026,0,0,1,-54.13073933257834,TAG_stay,1e-06
ENSP00000249842,ENSG00000129009,7.58,0.6346283207185464,0,0,1,-39.22473646370115,TAG_stay,0.212018
ENSP00000329170,ENSG00000184486,1.34,0.6869369369369369,0,1,0,-43.013563497903284,TGA_stay,0.0
ENSP00000359396,ENSG00000203909,0,0.5754985754985755,0,1,0,-49.57554638825715,TGA_stay,0.0
ENSP00000295728,ENSG00000163499,18.8,0.6335694306333339,0,0,1,-28.05435587515313,TAG_stay,0.016613
ENSP00000304903,ENSG00000169217,13.5,0.5896686159844055,0,1,0,-35.41154067229413,TGA_stay,0.613567
ENSP00000378517,ENSG00000118785,73.0,0.46629684007051886,1,0,0,18.30727864037827,TAG>TAA,0.0
ENSP00000448219,ENSG00000257138,0.417,0.49101796407185627,0,1,0,-53.117293643177746,TGA_stay,0.002344
ENSP00000448219,ENSG00000257138,0.417,0.49101796407185627,0,1,0,-53.117293643177746,TGA_stay,0.002344
ENSP00000361852,ENSG00000188800,0.008,0.4098360655737705,0,1,0,-57.330463764594434,TGA>TAA,3.655
ENSP00000318914,ENSG00000176903,0.503,0.544256120527307,0,1,0,-50.53656257807573,TGA_stay,0.325578
ENSP00000365651,ENSG00000120937,0.288,0.6320987654320988,1,0,0,-46.63527099934524,TAA_stay,0.11258
ENSP00000306651,ENSG00000172188,0.175,0.4115755627009646,1,0,0,-57.08195122152774,TGA>TAA,0.0
ENSP00000308870,ENSG00000106404,0.216,0.6175494832088505,0,0,1,-47.38904791939404,TAG_stay,1.96974
ENSP00000303149,ENSG00000170837,0.559,0.7375886524822695,0,1,0,-41.421032619211225,TGA_stay,5.166819
ENSP00000220507,ENSG00000104140,0.008,0.6343178621659634,0,1,0,-46.81128449930421,TGA_stay,0.0
ENSP00000220507,ENSG00000104140,0.008,0.6343178621659634,0,1,0,-46.81128449930421,TAG_stay,0.0
ENSP00000363689,ENSG00000117318,0.347,0.6388888888888888,0,1,0,-46.258086955205634,TGA_stay,0.0
ENSP00000273936,ENSG00000145309,0.079,0.40404040404040403,1,0,0,-57.531047490116656,TGA>TAA,0.205415
ENSP00000328181,ENSG00000183691,0.186,0.6738197424892703,0,0,1,-44.78223302544338,TAG_stay,0.053912
ENSP00000315557,ENSG00000177673,0.729,0.6035353535353535,0,0,1,-47.53274768089116,TAG_stay,0.728027
ENSP00000431914,ENSG00000196248,0.079,0.5547142128887066,0,0,1,-50.47049812744958,TAA>TAG,1.094531
ENSP00000294189,ENSG00000162244,486,0.5377754479644142,0,0,1,434.65675419467107,TAG_stay,0.21034
ENSP00000302051,ENSG00000171551,0.46,0.6244439882894351,0,1,0,-46.821972569904226,TAA>TGA,3.232765
ENSP00000442339,ENSG00000205307,0.003,0.6748769574944072,0,0,1,-44.91569210796224,TAG_stay,3.459653
ENSP00000449137,ENSG00000188032,0.042,0.6044095395302451,0,1,0,-48.178783472073036,TGA_stay,6.9e-05
ENSP00000449137,ENSG00000188032,0.042,0.6044095395302451,0,1,0,-48.178783472073036,TAG_stay,6.9e-05
ENSP00000338293,ENSG00000125995,13.6,0.6155555555555555,1,0,0,-34.09848303415808,TAA_stay,0.614445
ENSP00000298743,ENSG00000180447,1.94,0.7418111753371869,0,0,1,-39.842165907803206,TAG_stay,0.0
ENSP00000307077,ENSG00000171806,3.23,0.38679992988410444,1,0,0,-55.18793321190719,TAA_stay,0.0
ENSP00000334996,ENSG00000185972,0.106,0.533106960950764,1,0,0,-51.45601032227319,TAA_stay,0.0
ENSP00000334996,ENSG00000185972,0.106,0.533106960950764,1,0,0,-51.45601032227319,TAA_stay,0.0
ENSP00000259608,ENSG00000137078,2.48,0.6196954314720812,0,1,0,-45.02448914439471,TGA_stay,0.0
ENSP00000326259,ENSG00000181616,0.002,0.4732581713890125,0,1,0,-54.36451454385331,TGA_stay,0.0
ENSP00000301532,ENSG00000167825,0.276,0.4052910052910053,0,1,0,-57.275444525670636,TGA_stay,0.0
ENSP00000259845,ENSG00000204538,0.947,0.6496350364963503,1,0,0,-45.15452428415523,TAA>TAG,0.242614
ENSP00000319096,ENSG00000181467,41.7,0.6177536231884058,0,1,0,-5.895481954256759,TGA_stay,0.0
ENSP00000354958,ENSG00000160767,0.412,0.6207381728820697,0,1,0,-47.04362645715001,TGA_stay,0.0
ENSP00000357150,ENSG00000158485,0.507,0.5017778208764656,0,1,0,-52.52308856145276,TGA_stay,0.0
ENSP00000371785,ENSG00000184221,0.021,0.7311348781937017,0,1,0,-42.26145539784968,TGA_stay,0.0
ENSP00000225474,ENSG00000108342,2.5,0.6494689167978257,0,1,0,-43.60930862531253,TGA_stay,1.99505
ENSP00000356969,ENSG00000158874,30334,0.5220455002183336,0,1,0,30281.919651486627,TGA_stay,1.886402
ENSP00000360376,ENSG00000213714,0.457,0.4786821705426357,0,1,0,-53.655346854989894,TGA>TAG,0.0
ENSP00000380037,ENSG00000197296,1.32,0.5690747782002535,1,0,0,-48.55656445017018,TAA_stay,1.058646
ENSP00000362684,ENSG00000183615,0.107,0.6646341463414634,0,1,0,-45.29166851733707,TAA>TGA,0.349535
ENSP00000386502,ENSG00000157999,0.322,0.4932378679395386,0,1,0,-53.10826932098166,TAA>TAG,1.8e-05
ENSP00000244333,ENSG00000124466,2.5,0.6292026897214217,0,1,0,-44.55898062047682,TGA_stay,0.0
ENSP00000362777,ENSG00000179774,0.122,0.7058823529411765,0,0,1,-43.34378448762506,TAG_stay,1.782457
ENSP00000353142,ENSG00000197093,0.072,0.5999746407024608,1,0,0,-48.356602085880894,TAA>TAG,0.176536
ENSP00000364802,ENSG00000204389,543,0.629885969552695,0,0,1,495.97303775759497,TAG_stay,0.0
ENSP00000321426,ENSG00000180974,0.003,0.4355697550585729,1,0,0,-56.12958739975174,TAA_stay,2.779689
ENSP00000378605,ENSG00000176410,0.852,0.6431718061674009,1,0,0,-45.552390171256945,TAA>TAG,2.782409
ENSP00000248948,ENSG00000128218,2.34,0.6048884906411789,0,0,1,-45.85833990349997,TAG_stay,3.526253
ENSP00000359392,ENSG00000203908,0.345,0.6009174311926605,0,1,0,-48.03942308194127,TGA_stay,0.0
ENSP00000329165,ENSG00000126337,13.1,0.597704439809703,0,1,0,-35.43498331821986,TGA_stay,0.0
ENSP00000260653,ENSG00000138083,0.523,0.6796796796796797,0,1,0,-44.17063735343333,TGA_stay,1.879972
ENSP00000260653,ENSG00000138083,0.523,0.6796796796796797,0,1,0,-44.17063735343333,TAG_stay,1.879972
ENSP00000417176,ENSG00000165188,0,0.6217616580310881,0,1,0,-47.40766611505846,TGA_stay,0.0
ENSP00000265316,ENSG00000115657,2.82,0.5972466458326279,0,1,0,-45.736435467055664,TGA_stay,0.0
ENSP00000233143,ENSG00000034510,450,0.5111111111111111,1,0,0,397.40726785053096,TAA_stay,0.0
ENSP00000318032,ENSG00000179673,0,0.7024793388429752,0,1,0,-43.62524915640763,TGA_stay,4.992403
ENSP00000332198,ENSG00000182117,35.0,0.4841995841995842,0,1,0,-18.853801778198488,TAA>TGA,0.0
ENSP00000297012,ENSG00000164508,664,0.5378787878787878,1,0,0,612.6615966856929,TAA_stay,0.0
ENSP00000168712,ENSG00000075388,0.719,0.6892109500805152,0,1,0,-43.5280036241315,TAA>TGA,4.370919
ENSP00000357392,ENSG00000169242,1.51,0.5591142535528353,0,1,0,-48.83331296133289,TGA_stay,1.271018
ENSP00000428780,ENSG00000253958,0.637,0.7087599544937428,0,0,1,-42.69394056243805,TAG_stay,1.616473
ENSP00000373669,ENSG00000196544,4.15,0.702048417132216,0,1,0,-39.49544207535961,TGA_stay,0.0
ENSP00000363433,ENSG00000204175,0.476,0.6615831517792302,0,1,0,-45.06563760981926,TGA>TAA,0.029381
ENSP00000239243,ENSG00000120149,1.22,0.6652846876727474,1,0,0,-44.148184259873254,TAG_stay,4.164188
ENSP00000446916,ENSG00000258223,0.349,0.4462809917355372,0,1,0,-55.28166064903784,TGA_stay,0.0
ENSP00000350549,ENSG00000188620,1.11,0.7057728119180633,0,1,0,-42.360917561560335,TGA_stay,1.296448
ENSP00000372959,ENSG00000206422,0.123,0.5816777041942605,0,1,0,-49.162993455948396,TGA_stay,0.0
ENSP00000341021,ENSG00000188425,0.245,0.6546762589928058,0,1,0,-45.62029344512303,TGA_stay,5e-06
ENSP00000341021,ENSG00000188425,0.245,0.6546762589928058,0,1,0,-45.62029344512303,TGA_stay,5e-06
ENSP00000349430,ENSG00000197903,796,0.6115485564304461,1,0,0,748.113749660195,TAA_stay,0.0
ENSP00000233630,ENSG00000115289,0.308,0.5205128205128206,0,0,1,-51.844169626814214,TAG_stay,0.0
ENSP00000296370,ENSG00000163993,122,0.53125,0,1,0,70.35097279962682,TGA_stay,4.714547
ENSP00000307265,ENSG00000170604,11.4,0.69002849002849,0,0,1,-32.808693839552824,TAG_stay,0.0
ENSP00000246337,ENSG00000126088,77.1,0.5682997427938286,0,1,0,27.187117520925483,TGA_stay,0.0
ENSP00000304286,ENSG00000168269,0.191,0.6366085696235461,0,0,1,-46.52094233278358,TAG_stay,3.281962
ENSP00000247470,ENSG00000103490,38.5,0.6611207976324449,0,1,0,-7.063303447441363,TGA_stay,0.0
ENSP00000332679,ENSG00000197838,0.803,0.5744107744107744,0,1,0,-48.8235205644321,TGA_stay,0.0
ENSP00000320376,ENSG00000181631,0.003,0.4140845070422535,0,1,0,-57.136382511310224,TGA_stay,0.0
ENSP00000271835,ENSG00000143536,16.4,0.5786290322580645,0,1,0,-33.02885371056478,TGA_stay,0.338623
ENSP00000377778,ENSG00000141741,14.1,0.59514687100894,0,1,0,-34.554830562437225,TGA_stay,0.764384
ENSP00000346037,ENSG00000137818,1047,0.5333821304835799,1,0,0,995.4508840757937,TAA_stay,0.0
ENSP00000255764,ENSG00000133398,3.11,0.46078431372549017,1,0,0,-51.841037417797864,TAA_stay,4.418707
ENSP00000363391,ENSG00000061656,0.209,0.589519114554976,1,0,0,-48.70954628415424,TAA_stay,0.0
ENSP00000363391,ENSG00000061656,0.209,0.589519114554976,1,0,0,-48.70954628415424,TGA_stay,0.0
ENSP00000314223,ENSG00000181656,0.801,0.7307359307359307,1,0,0,-41.500150008679746,TAA_stay,1.002643
ENSP00000294189,ENSG00000162244,486,0.5377754479644142,0,0,1,434.65675419467107,TAG_stay,0.21034
ENSP00000341108,ENSG00000188816,0.291,0.6776155717761557,0,1,0,-44.49936110292967,TGA_stay,2.915008
ENSP00000334300,ENSG00000187003,0.448,0.5718654434250765,0,1,0,-49.29779434669202,TGA_stay,0.0
ENSP00000453969,ENSG00000188549,1.06,0.6275102696109207,0,1,0,-46.07828714245233,TGA_stay,0.0
ENSP00000325076,ENSG00000254737,0.022,0.5395299145299145,1,0,0,-51.239031796898765,TAA_stay,0.0
ENSP00000444054,ENSG00000183269,0.001,0.4591194968553459,1,0,0,-55.028050456568856,TAG>TAA,0.0
ENSP00000288943,ENSG00000158050,0.148,0.6857142857142857,0,1,0,-44.26285672873642,TGA_stay,0.584282
ENSP00000244534,ENSG00000124575,503,0.5435435435435435,0,1,0,451.92704618421004,TGA_stay,0.0
ENSP00000284311,ENSG00000154165,0.322,0.47830101569713757,1,0,0,-53.80820770699881,TGA>TAA,0.0
ENSP00000284311,ENSG00000154165,0.322,0.47830101569713757,1,0,0,-53.80820770699881,TGA_stay,0.0
ENSP00000270879,ENSG00000142748,467,0.5930911188004614,0,0,1,418.2488372345321,TAG_stay,0.260016
ENSP00000258829,ENSG00000136327,0.398,0.7097222222222223,0,1,0,-42.88784885838568,TGA_stay,1e-06
ENSP00000287042,ENSG00000156486,0.022,0.5676429567642957,0,0,1,-49.92165936204889,TAG_stay,0.899863
ENSP00000375428,ENSG00000212899,11.1,0.622895622895623,1,0,0,-36.25452871206337,TGA>TAA,0.0
ENSP00000436004,ENSG00000254834,0,0.4451476793248945,0,0,1,-55.68376747815319,TAG>TGA,0.0
ENSP00000362763,ENSG00000186130,0.176,0.4047058823529412,1,0,0,-57.4028632882214,TAA_stay,0.0
ENSP00000232501,ENSG00000114388,0.253,0.5280361007064884,0,1,0,-51.54662998118776,TGA_stay,0.18258
ENSP00000363689,ENSG00000117318,0.347,0.6388888888888888,0,1,0,-46.258086955205634,TGA_stay,0.0
ENSP00000328878,ENSG00000205409,0.002,0.4541221007090494,1,0,0,-55.261227600197394,TAG>TAA,0.0
ENSP00000341214,ENSG00000187475,108,0.49038461538461536,1,0,0,54.43602774376916,TGA>TAA,0.0
ENSP00000328511,ENSG00000182255,0.105,0.5203873598369011,0,1,0,-52.053048693004776,TGA_stay,1.439112
ENSP00000331581,ENSG00000185742,0.832,0.6515151515151515,0,1,0,-45.18142241031794,TGA_stay,0.48573
ENSP00000256997,ENSG00000134575,7.64,0.5953140670989417,0,1,0,-41.0069957817562,TGA_stay,0.177313
ENSP00000304331,ENSG00000169840,0.078,0.6754716981132075,0,0,1,-44.81282266250839,TAG_stay,47.656706
ENSP00000466680,ENSG00000108830,0.018,0.5789473684210527,0,1,0,-49.39593653146193,TGA_stay,0.067857
ENSP00000383563,ENSG00000174992,2.88,0.5496031746031746,0,1,0,-47.90900052262571,TGA_stay,2.068038
ENSP00000302216,ENSG00000172238,0.05,0.6413145539906103,0,0,1,-46.441420696159604,TAG_stay,0.064974
ENSP00000266066,ENSG00000120057,0.602,0.6509433962264151,0,1,0,-45.43821476706757,TGA_stay,0.0
ENSP00000239032,ENSG00000119973,0.22,0.6684636118598383,0,1,0,-44.99922040666816,TGA_stay,1.799604
ENSP00000313226,ENSG00000178531,0.153,0.7108433734939759,0,1,0,-43.08031189819506,TGA_stay,0.0
ENSP00000323901,ENSG00000180340,0.413,0.6507656065959952,0,1,0,-45.635545959272406,TGA_stay,0.0
ENSP00000382646,ENSG00000215187,0.093,0.5732976052050386,0,0,1,-49.585683486350476,TAG>TAA,0.24083
ENSP00000339251,ENSG00000188508,47.9,0.5451937984496125,0,1,0,-3.095623148208496,TGA_stay,0.232963
ENSP00000410481,ENSG00000227507,1.3,0.6606488749345892,0,0,1,-44.285417665758686,TGA_stay,0.008746
ENSP00000469474,ENSG00000267909,0.098,0.7283427495291902,1,0,0,-42.31529407786572,TGA>TAA,0.705354
ENSP00000343021,ENSG00000189046,0.857,0.557397728500619,1,0,0,-49.566749036826465,TAA_stay,0.0
ENSP00000249041,ENSG00000128310,0,0.7244805781391147,1,0,0,-42.594274780186474,TAA_stay,0.321059
ENSP00000294189,ENSG00000162244,486,0.5377754479644142,0,0,1,434.65675419467107,TAG_stay,0.21034
ENSP00000356549,ENSG00000162783,0.679,0.7245934959349594,0,1,0,-41.90998347124845,TGA_stay,0.0
ENSP00000355166,ENSG00000198812,0.217,0.592326139088729,0,1,0,-48.57000958620873,TAA>TGA,0.0
ENSP00000292779,ENSG00000161180,0.001,0.6269496160514251,0,0,1,-47.163559274035336,TAG_stay,0.0
ENSP00000262932,ENSG00000166997,8.88,0.5498111337350647,0,1,0,-41.89925559265182,TGA_stay,0.059546
ENSP00000301420,ENSG00000167748,24.8,0.5840504302581548,0,1,0,-24.374807911318808,TGA_stay,0.0
ENSP00000218721,ENSG00000102539,0.015,0.6682808716707022,1,0,0,-45.21278358122252,TAA_stay,0.217367
ENSP00000235382,ENSG00000116741,0.507,0.43238993710691825,0,1,0,-55.774593134614115,TGA_stay,0.000194
ENSP00000282091,ENSG00000152266,1.32,0.42528735632183906,0,1,0,-55.294418876650475,TGA_stay,0.0
ENSP00000253719,ENSG00000131400,6.88,0.584427739059568,0,0,1,-42.2771272842894,TGA_stay,0.0
ENSP00000294189,ENSG00000162244,486,0.5377754479644142,0,0,1,434.65675419467107,TAG_stay,0.21034
ENSP00000335060,ENSG00000186603,2.36,0.6594982078853047,1,0,0,-43.27933773032443,TGA>TAA,0.0
ENSP00000246553,ENSG00000126266,0.004,0.6755260243632336,1,0,0,-44.884276943561424,TAG>TAA,0.928963
ENSP00000252723,ENSG00000130427,4.09,0.6030927835051546,0,1,0,-44.19248643813465,TGA_stay,1.775284
ENSP00000320089,ENSG00000180053,0.784,0.6898454746136865,0,1,0,-43.43326991113571,TGA_stay,2e-06
ENSP00000419782,ENSG00000164885,23.7,0.5440700203557682,0,0,1,-27.348283200840857,TAG_stay,4.553008
ENSP00000260743,ENSG00000138172,0.668,0.6152263374485597,1,0,0,-47.045910139328484,TAA_stay,0.503585
ENSP00000359991,ENSG00000171314,1068,0.5620915032679739,0,1,0,1017.7962004600068,TGA_stay,0.0
ENSP00000331608,ENSG00000177508,0.707,0.6093898914147333,1,0,0,-47.28040501968862,TAG_stay,0.969634
ENSP00000398698,ENSG00000232810,2.25,0.6125356125356125,0,1,0,-45.589997056586604,TGA_stay,0.622862
ENSP00000278222,ENSG00000148965,1524,0.49872773536895676,0,1,0,1470.8269849442167,TGA_stay,8.716773
ENSP00000403495,ENSG00000226979,3.29,0.5954692556634305,0,0,1,-45.34972367170291,TAG_stay,0.622862
ENSP00000373572,ENSG00000186766,0.142,0.7011494252873564,0,1,0,-43.54556868213874,TGA_stay,0.635729
ENSP00000316496,ENSG00000176566,0.061,0.5420875420875421,1,0,0,-51.08018179934458,TAA_stay,0.324644
ENSP00000259211,ENSG00000136694,0.129,0.5031446540880503,1,0,0,-52.83703898684725,TAA_stay,0.0
ENSP00000361104,ENSG00000171102,0.455,0.585035851378311,0,0,1,-48.67363124322328,TAG_stay,5.391668
ENSP00000301788,ENSG00000168002,19.1,0.5178780236713133,0,1,0,-33.175635764043086,TGA_stay,0.0
ENSP00000395244,ENSG00000234224,0.02,0.663167104111986,1,0,0,-45.44741386968142,TAA_stay,0.0
ENSP00000297258,ENSG00000164687,587,0.42565359477124187,1,0,0,530.402742995544,TAA_stay,0.0
ENSP00000365898,ENSG00000204612,0.075,0.6943802925327175,0,0,1,-43.92976910550291,TAG_stay,0.0
ENSP00000317691,ENSG00000178718,3.25,0.7033333333333334,0,1,0,-40.33523111809886,TGA_stay,0.157926
ENSP00000293549,ENSG00000125084,0.011,0.6648285414794848,0,1,0,-45.3785591938365,TGA_stay,0.0
ENSP00000365678,ENSG00000165312,0.477,0.6839557399723375,0,1,0,-44.016261886689485,TGA_stay,1.692614
ENSP00000365830,ENSG00000198142,1.44,0.6869455006337135,1,0,0,-42.91316220451142,TAA_stay,5.20207
ENSP00000318799,ENSG00000180828,5.66,0.7216404886561955,1,0,0,-37.06736089609353,TAA_stay,0.261747
ENSP00000307275,ENSG00000116521,70.0,0.5670914542728636,0,1,0,20.030497323879786,TGA_stay,0.0
ENSP00000339027,ENSG00000089157,741,0.5395821833890716,1,0,0,689.7414175130579,TAA_stay,0.0
ENSP00000301068,ENSG00000167550,0.016,0.4981828398289038,0,1,0,-53.182548769223295,TGA_stay,0.0
ENSP00000330074,ENSG00000184357,641,0.593245227606461,0,0,1,592.2560587472841,TAG_stay,0.0
ENSP00000328023,ENSG00000182934,61.5,0.517081210668265,1,0,0,9.187025712534428,TAA_stay,1.960817
ENSP00000301488,ENSG00000167797,0.698,0.6522773928206216,0,1,0,-45.27970391083437,TAA_stay,0.52507
ENSP00000333724,ENSG00000221931,0.006,0.47071352502662406,1,0,0,-54.479756244780006,TAA_stay,0.079141
ENSP00000282276,ENSG00000247626,5.25,0.5768799102132436,0,0,1,-44.26081727565406,TAG_stay,0.0
ENSP00000309595,ENSG00000107815,0.304,0.5332319479602508,0,1,0,-51.25215345201207,TGA_stay,0.0
ENSP00000320096,ENSG00000179922,1.11,0.71152741889176,0,0,1,-42.091257645805236,TAG_stay,3.902933
ENSP00000279783,ENSG00000150261,0.371,0.39895833333333336,1,0,0,-57.47719246943395,TAA_stay,0.0
ENSP00000303963,ENSG00000168928,19.9,0.6293171131172803,0,1,0,-27.153618759375156,TGA_stay,0.077679
ENSP00000255008,ENSG00000132671,0.107,0.6589545844044559,0,1,0,-45.55781183528386,TGA_stay,0.0
ENSP00000249499,ENSG00000128709,0.168,0.6704438149197356,0,1,0,-44.958428424044385,TGA_stay,0.0
ENSP00000228641,ENSG00000111046,0.03,0.5692729766803841,1,0,0,-49.83727690269751,TAA_stay,0.0
ENSP00000228641,ENSG00000111046,0.03,0.5692729766803841,1,0,0,-49.83727690269751,TGA_stay,0.0
ENSP00000345147,ENSG00000125816,0.936,0.7389671361502348,0,1,0,-40.97943710617751,TGA_stay,0.0
ENSP00000368165,ENSG00000205138,0.678,0.7442528735632183,0,1,0,-40.98974833924629,TGA_stay,1.722508
ENSP00000342836,ENSG00000197706,0.609,0.402555910543131,0,1,0,-57.07061060593732,TGA_stay,3.1245
ENSP00000348886,ENSG00000165283,192,0.5630217098381937,0,0,1,141.83978978357092,TAG_stay,3.733244
ENSP00000254043,ENSG00000171346,42.5,0.5693204812162218,1,0,0,-7.365050848131048,TAA_stay,0.0
ENSP00000266744,ENSG00000139352,0.172,0.6821378340365682,0,1,0,-44.40644865334983,TGA_stay,0.0
ENSP00000294189,ENSG00000162244,486,0.5377754479644142,0,0,1,434.65675419467107,TAG_stay,0.21034
ENSP00000300873,ENSG00000167414,1.03,0.596244131455399,0,1,0,-47.57341312230518,TAA>TGA,0.886319
ENSP00000294189,ENSG00000162244,486,0.5377754479644142,0,0,1,434.65675419467107,TAG_stay,0.21034
ENSP00000332198,ENSG00000182117,35.0,0.4841995841995842,0,1,0,-18.853801778198488,TAA>TGA,0.0
ENSP00000353698,ENSG00000115649,0.306,0.5951265655276385,0,0,1,-48.349782073878785,TAG_stay,0.0
ENSP00000363139,ENSG00000174950,0.002,0.622736726874658,0,1,0,-47.35997455290411,TGA_stay,0.472733
ENSP00000431822,ENSG00000149806,45.5,0.6065486466767769,1,0,0,-2.620545270652592,TAA_stay,1.932027
ENSP00000357072,ENSG00000162723,0.231,0.523785594639866,0,1,0,-51.76780798119385,TGA_stay,1.588905
ENSP00000334418,ENSG00000221954,0.66,0.421505376344086,1,0,0,-56.13164182286556,TGA_stay,0.0
ENSP00000334418,ENSG00000221954,0.66,0.421505376344086,1,0,0,-56.13164182286556,TAA_stay,0.0
ENSP00000266643,ENSG00000139266,0.008,0.6150869890062973,0,1,0,-47.712439983916106,TGA>TAA,0.0
ENSP00000229135,ENSG00000111537,0.293,0.3872255489021956,1,0,0,-58.10498877624254,TAA_stay,1.05315
ENSP00000390475,ENSG00000154832,2.13,0.598499505161838,0,1,0,-46.36772668942548,TGA_stay,0.203086
ENSP00000358784,ENSG00000177272,0.358,0.6174768518518519,1,0,0,-47.25045141257767,TAA_stay,0.623937
ENSP00000225688,ENSG00000108551,0.367,0.6213169578504296,0,0,1,-47.06150469079453,TAG_stay,0.396032
ENSP00000346283,ENSG00000196196,0.002,0.6724137931034483,0,1,0,-45.03211557740038,TGA_stay,0.0
ENSP00000225474,ENSG00000108342,2.5,0.6494689167978257,0,1,0,-43.60930862531253,TGA_stay,1.99505
ENSP00000294189,ENSG00000162244,486,0.5377754479644142,0,0,1,434.65675419467107,TAG_stay,0.21034
ENSP00000365227,ENSG00000204472,34.7,0.4795419927413623,0,1,0,-19.37205573124629,TGA_stay,0.0
ENSP00000363773,ENSG00000173372,326,0.6316382700584308,0,1,0,279.05515026482857,TGA_stay,0.573924
ENSP00000294189,ENSG00000162244,486,0.5377754479644142,0,0,1,434.65675419467107,TAG_stay,0.21034
ENSP00000282728,ENSG00000152804,0.327,0.5035223079503522,0,1,0,-52.62134219032258,TGA_stay,0.0
ENSP00000282728,ENSG00000152804,0.327,0.5035223079503522,0,1,0,-52.62134219032258,TGA_stay,0.0
ENSP00000393887,ENSG00000145192,5810,0.5662594261812184,0,0,1,5759.991508627323,TAG_stay,0.0
ENSP00000417378,ENSG00000128524,32.3,0.5704204204204204,0,0,1,-17.51350788186147,TAG_stay,0.421683
ENSP00000290541,ENSG00000159377,614,0.5471698113207547,0,1,0,563.0969724828743,TGA_stay,0.0
ENSP00000277010,ENSG00000147955,18.7,0.6544688302499667,0,1,0,-27.175013521155133,TGA_stay,0.010206
ENSP00000294189,ENSG00000162244,486,0.5377754479644142,0,0,1,434.65675419467107,TAG_stay,0.21034
ENSP00000386884,ENSG00000121966,3.74,0.5023527824727625,1,0,0,-49.26314595766964,TAA_stay,0.0
ENSP00000463999,ENSG00000178999,4.73,0.5543338893802442,0,1,0,-45.8373200231447,TGA_stay,0.0
ENSP00000372649,ENSG00000206260,0.015,0.6803995006242197,0,1,0,-44.64490666493441,TGA_stay,0.291828
ENSP00000318128,ENSG00000186222,3.35,0.6957186544342507,0,1,0,-40.592053691701956,TGA_stay,0.865454
ENSP00000347919,ENSG00000181924,8.77,0.6077300062480475,0,1,0,-39.29518695966429,TGA_stay,0.287626
ENSP00000295201,ENSG00000163060,0.199,0.6376146788990825,0,1,0,-46.465796221203476,TGA_stay,0.248129
ENSP00000294189,ENSG00000162244,486,0.5377754479644142,0,0,1,434.65675419467107,TAG_stay,0.21034
ENSP00000268314,ENSG00000140691,0.421,0.6632618386142547,0,0,1,-45.04197462682476,TAG_stay,0.0
ENSP00000356623,ENSG00000164442,1.15,0.6275373272830657,0,1,0,-45.98701922448253,TGA_stay,5.853825
ENSP00000264703,ENSG00000115226,0.169,0.5886524822695035,0,1,0,-48.79015652741836,TGA_stay,0.0
ENSP00000401089,ENSG00000235711,0.355,0.5,0,0,1,-52.75839694897022,TAG_stay,0.0
ENSP00000367891,ENSG00000205076,30.3,0.6682389937106918,0,1,0,-14.929745975391224,TGA_stay,4.904791
ENSP00000230431,ENSG00000112667,163,0.6891090748104721,0,1,0,118.7482225178339,TGA_stay,0.628835
ENSP00000241463,ENSG00000122035,0.033,0.5692729766803841,0,1,0,-49.83427690269751,TGA_stay,3.548054
ENSP00000310406,ENSG00000174791,1.29,0.6466833062726113,0,0,1,-44.94984186641645,TAG>TAA,0.0
ENSP00000369689,ENSG00000178372,69.1,0.6621315192743764,0,1,0,23.58405879885293,TGA_stay,1.217791
ENSP00000323612,ENSG00000172489,0.814,0.3885675894064988,0,1,0,-57.52110098373395,TAA>TGA,0.0
ENSP00000417764,ENSG00000119523,24.6,0.5643189152381799,1,0,0,-25.499423389374464,TAA_stay,0.000909
ENSP00000333037,ENSG00000184378,0.092,0.5075960679177838,0,1,0,-52.665446482823306,TGA_stay,3.328089
ENSP00000344562,ENSG00000167549,9.25,0.5937547004870799,0,0,1,-39.470067439144444,TAG_stay,0.024707
ENSP00000217420,ENSG00000101438,2.53,0.6242078580481623,0,0,1,-44.76303759332979,TAG_stay,1.487921
ENSP00000281321,ENSG00000151615,21.1,0.6544715447154471,0,0,1,-24.77488632175887,TAG_stay,0.0
ENSP00000326244,ENSG00000179292,0.653,0.7192608386638237,0,1,0,-42.185870894848044,TGA_stay,0.0
ENSP00000263341,ENSG00000125538,0.338,0.5126247741939232,1,0,0,-52.18380215177183,TGA>TAA,0.02622
ENSP00000323224,ENSG00000181074,0.923,0.4648033126293996,0,1,0,-53.83970780453292,TGA_stay,0.835615
ENSP00000325589,ENSG00000213402,31.1,0.6924315619967794,0,0,1,-12.996086290942756,TAG_stay,0.477017
ENSP00000378418,ENSG00000217236,0.301,0.7161512027491409,0,0,1,-42.683587911251635,TAG_stay,0.057367
ENSP00000301459,ENSG00000167771,1.23,0.6202290076335878,0,1,0,-46.249485855131255,TGA_stay,0.0
ENSP00000351325,ENSG00000196844,0.247,0.448768635203031,0,0,1,-55.26709009418687,TAG_stay,0.733521
ENSP00000358786,ENSG00000143105,0.218,0.5221354166666666,0,1,0,-51.858135043713986,TGA_stay,4.019734
ENSP00000349493,ENSG00000197273,107,0.5689655172413793,0,0,1,57.11831559965772,TAG_stay,0.0
ENSP00000359022,ENSG00000119915,0.442,0.5079950799507995,0,1,0,-52.29674884600812,TGA_stay,0.081111
ENSP00000294189,ENSG00000162244,486,0.5377754479644142,0,0,1,434.65675419467107,TAG_stay,0.21034
ENSP00000361668,ENSG00000127129,0.445,0.6256983240223464,0,0,1,-46.778194608244725,TAG_stay,0.000236
ENSP00000338050,ENSG00000178498,0.906,0.5920101058271182,0,1,0,-47.895818851740025,TGA>TAA,0.293967
ENSP00000372286,ENSG00000206107,0.002,0.483974358974359,0,1,0,-53.862355794404586,TGA_stay,0.0
ENSP00000401966,ENSG00000170929,0.328,0.5456475583864119,0,1,0,-50.646360033822106,TGA_stay,0.0
ENSP00000256592,ENSG00000134200,0.006,0.42206235011990406,1,0,0,-56.75954212532732,TAA_stay,0.465176
ENSP00000365295,ENSG00000182103,1.25,0.7298985167837627,0,1,0,-41.0903910857552,TGA_stay,0.0
ENSP00000327506,ENSG00000185905,0.249,0.6888888888888889,0,1,0,-44.013095357450375,TGA_stay,0.0
ENSP00000216797,ENSG00000100906,2.95,0.6115305693285967,0,1,0,-44.937093212374975,TGA_stay,0.406822
ENSP00000216797,ENSG00000100906,2.95,0.6115305693285967,0,1,0,-44.937093212374975,TAA>TGA,0.406822
ENSP00000309163,ENSG00000173653,0.44,0.6374523694806515,0,1,0,-46.23240201327588,TGA_stay,0.0
ENSP00000234111,ENSG00000115758,0.073,0.4529460111984384,0,0,1,-55.245338957028785,TAG_stay,8.220415
ENSP00000234111,ENSG00000115758,0.073,0.4529460111984384,0,0,1,-55.245338957028785,TAG_stay,8.220415
ENSP00000228534,ENSG00000110944,0.121,0.5701754385964912,1,0,0,-49.70398768896285,TGA>TAA,0.0
ENSP00000333591,ENSG00000182747,0.041,0.6458832933653078,0,1,0,-46.2363303368146,TGA_stay,0.0
ENSP00000294189,ENSG00000162244,486,0.5377754479644142,0,0,1,434.65675419467107,TAG_stay,0.21034
ENSP00000388723,ENSG00000234438,0.173,0.7044299201161947,0,1,0,-43.360845245729784,TGA_stay,0.0
ENSP00000301061,ENSG00000169884,1.34,0.6665452317290551,1,0,0,-43.969115377222664,TGA_stay,0.0
ENSP00000223862,ENSG00000107018,0.026,0.4336917562724014,0,1,0,-56.19459010728363,TGA_stay,0.0
ENSP00000337040,ENSG00000109103,2.64,0.6220879810668484,0,1,0,-44.75237467243966,TGA_stay,0.746738
ENSP00000370557,ENSG00000167842,2.15,0.432065576096112,1,0,0,-54.14679263707328,TAA>TAG,0.622467
ENSP00000298159,ENSG00000165410,330,0.37076832125852727,1,0,0,270.83082830192825,TAA_stay,0.158647
ENSP00000316674,ENSG00000181786,0.042,0.6590640948779438,0,1,0,-45.61768019289889,TGA_stay,1.784409
ENSP00000304236,ENSG00000170458,305,0.6192923397688469,1,0,0,257.47662204612925,TAA_stay,3.00407
ENSP00000323588,ENSG00000181449,1.45,0.6582809224318659,0,1,0,-44.24637952211397,TGA_stay,0.0
ENSP00000406909,ENSG00000173868,0.157,0.6750955905825169,0,1,0,-44.75144699819361,TGA_stay,0.243422
ENSP00000310255,ENSG00000175514,0.557,0.6581740976645435,0,1,0,-45.14438531275934,TGA_stay,0.477017
ENSP00000336790,ENSG00000128272,0.262,0.5255681818181818,0,0,1,-51.65327624557264,TAG_stay,0.0
ENSP00000346080,ENSG00000163584,49.5,0.4057705342493927,0,0,1,-8.028973879262999,TAG_stay,0.083197
ENSP00000335493,ENSG00000186564,1.17,0.7439516129032258,0,1,0,-40.511865363148225,TGA_stay,0.0
ENSP00000334879,ENSG00000186212,0.209,0.6238455079764903,0,1,0,-47.10101725679726,TGA_stay,0.0
ENSP00000361186,ENSG00000172315,12.2,0.6234671485736414,0,0,1,-35.1277471148334,TAG_stay,0.0
ENSP00000264708,ENSG00000115138,0.308,0.679047253583234,0,1,0,-44.4152727340368,TGA_stay,0.514546
ENSP00000322788,ENSG00000196611,3.79,0.4524822695035461,0,1,0,-51.55006981492202,TGA_stay,0.0
ENSP00000366390,ENSG00000204710,0,0.590702947845805,0,1,0,-48.86307205508314,TGA_stay,0.0
ENSP00000454411,ENSG00000228474,2.17,0.5350877192982456,0,1,0,-49.29919231896653,TGA_stay,0.0
ENSP00000303920,ENSG00000170476,135,0.6200145392566557,0,0,1,87.51046419276602,TAA>TAG,0.670118
ENSP00000255040,ENSG00000132703,1289,0.47470238095238093,0,1,0,1234.701160873594,TGA_stay,0.0
ENSP00000287490,ENSG00000156885,1.99,0.6632653061224489,0,1,0,-43.47281213997348,TGA_stay,0.0
ENSP00000309096,ENSG00000174684,7.53,0.624198717948718,0,1,0,-39.7634658968538,TGA_stay,0.0
ENSP00000289989,ENSG00000241852,0.008,0.6408432711977625,0,1,0,-46.50550492863578,TGA_stay,9.103079
ENSP00000303963,ENSG00000168928,19.9,0.6293171131172803,0,1,0,-27.153618759375156,TGA_stay,0.077679
ENSP00000227667,ENSG00000110245,7665,0.6105662557781202,0,1,0,7617.067719216698,TGA_stay,0.0
ENSP00000294189,ENSG00000162244,486,0.5377754479644142,0,0,1,434.65675419467107,TAG_stay,0.21034
ENSP00000267377,ENSG00000139874,0.011,0.6130952380952381,0,1,0,-47.802773096904765,TGA_stay,0.0
ENSP00000297316,ENSG00000164736,0.213,0.7156626506024096,0,1,0,-42.79448138274877,TGA_stay,0.0
ENSP00000327133,ENSG00000176087,0.029,0.5947756410256411,0,0,1,-48.64322633707132,TAA>TAG,0.0
ENSP00000307598,ENSG00000170605,0.097,0.4204664172817039,0,1,0,-56.74332726993702,TGA_stay,0.303069
ENSP00000294189,ENSG00000162244,486,0.5377754479644142,0,0,1,434.65675419467107,TAG_stay,0.21034
ENSP00000324173,ENSG00000044574,1213,0.4768447837150127,0,0,1,1158.8015535070313,TAG_stay,0.0
ENSP00000324173,ENSG00000044574,1213,0.4768447837150127,0,0,1,1158.8015535070313,TAG_stay,0.0
ENSP00000325414,ENSG00000167565,0.265,0.606260090452241,1,0,0,-47.86906696684394,TAA_stay,0.761802
ENSP00000286201,ENSG00000155760,0.645,0.6573913043478261,0,1,0,-45.09306687603629,TGA_stay,0.0
ENSP00000362107,ENSG00000183386,9.29,0.5848161328588375,1,0,0,-39.84892721612323,TGA>TAA,0.000432
ENSP00000376886,ENSG00000243678,694,0.5454935209246573,1,0,0,643.0184217966053,TAA_stay,25.974508
ENSP00000365280,ENSG00000125968,0.802,0.6720940170940171,0,0,1,-44.2471002274656,TGA_stay,0.0
ENSP00000350633,ENSG00000197019,0.795,0.6441631504922645,0,1,0,-45.56293594278418,TGA_stay,0.0
ENSP00000431459,ENSG00000176973,1.08,0.704580523661989,0,1,0,-42.44678798888203,TGA_stay,0.0
ENSP00000297613,ENSG00000164967,1.4,0.6280487804878049,0,1,0,-45.71305261325555,TGA_stay,0.0
ENSP00000307734,ENSG00000279051,0.196,0.49580712788259956,0,1,0,-53.11387423180085,TGA_stay,0.0
ENSP00000294189,ENSG00000162244,486,0.5377754479644142,0,0,1,434.65675419467107,TAG_stay,0.21034
ENSP00000369777,ENSG00000169957,3.1,0.6143180747345149,0,1,0,-44.65647117747971,TGA_stay,0.0
ENSP00000294189,ENSG00000162244,486,0.5377754479644142,0,0,1,434.65675419467107,TAG_stay,0.21034
ENSP00000347919,ENSG00000181924,8.77,0.6077300062480475,0,1,0,-39.29518695966429,TGA_stay,0.287626
ENSP00000330389,ENSG00000184924,22.4,0.5933806146572104,1,0,0,-26.337597038268918,TAA>TGA,0.0
ENSP00000330389,ENSG00000184924,22.4,0.5933806146572104,1,0,0,-26.337597038268918,TGA_stay,0.0
ENSP00000322628,ENSG00000175906,0.086,0.6204620462046204,0,1,0,-47.38256570685361,TGA_stay,0.0
ENSP00000341963,ENSG00000215695,0.022,0.42826321467098166,0,1,0,-56.452970654487466,TAA>TGA,1.093637
ENSP00000354525,ENSG00000143314,47.0,0.5598578647105591,0,1,0,-3.308467467442,TGA_stay,0.0
ENSP00000329918,ENSG00000183496,0.341,0.6619165839126118,1,0,0,-45.18501303608057,TGA>TAA,0.205667
ENSP00000315383,ENSG00000244617,2.5,0.5872093023255814,0,1,0,-46.52678369707152,TGA_stay,0.0
ENSP00000301071,ENSG00000167552,714,0.5365245127257225,1,0,0,662.5981355795992,TAA_stay,0.0
ENSP00000372126,ENSG00000206047,169,0.5684210526315789,0,1,0,119.09280207953697,TGA_stay,2.615717
ENSP00000311695,ENSG00000175602,0.197,0.7175697865353038,0,1,0,-42.7211133134178,TGA_stay,0.774195
ENSP00000274289,ENSG00000145632,0.003,0.4592292274052478,0,1,0,-55.020908501440104,TAA>TGA,2.34697
ENSP00000330051,ENSG00000185156,0.009,0.5956842703009654,0,1,0,-48.62064812192013,TGA_stay,0.0
ENSP00000366525,ENSG00000087086,157,0.5662878787878788,1,0,0,106.99284191169016,TAG>TAA,0.000208
ENSP00000372649,ENSG00000206260,0.015,0.6803995006242197,0,1,0,-44.64490666493441,TGA_stay,0.291828
ENSP00000317580,ENSG00000181965,0.398,0.6932773109243697,0,0,1,-43.65845463831966,TAG>TGA,0.242789
ENSP00000300127,ENSG00000166884,0.128,0.49947089947089945,0,1,0,-53.010190510851224,TAA>TGA,0.321893
ENSP00000363804,ENSG00000136826,0.6,0.615338546991072,1,0,0,-47.10865201902259,TAA_stay,0.0
ENSP00000356793,ENSG00000143185,0.553,0.5072463768115942,0,0,1,-52.22083294929554,TAG_stay,0.0
ENSP00000309463,ENSG00000175536,0.414,0.6904688526469408,0,1,0,-43.774058521252904,TGA_stay,0.0
ENSP00000297913,ENSG00000165202,0,0.49206349206349204,1,0,0,-53.48530037718534,TAG_stay,0.0
ENSP00000357823,ENSG00000143436,35.5,0.5804313179043995,0,1,0,-13.844398908042422,TGA>TAA,0.000459
ENSP00000401932,ENSG00000188086,0.002,0.5799389949038426,0,1,0,-49.36546908111615,TGA_stay,0.0
ENSP00000358753,ENSG00000173947,0.321,0.45612224842767296,0,1,0,-54.848501014217305,TGA_stay,3.572181
ENSP00000389554,ENSG00000225556,0.042,0.751412429378531,0,0,1,-41.29025275686754,TAG_stay,2.436237
ENSP00000287641,ENSG00000157005,5.7,0.5868945868945868,0,0,1,-43.3415312092816,TAG_stay,1.992362
ENSP00000287641,ENSG00000157005,5.7,0.5868945868945868,0,0,1,-43.3415312092816,TAA_stay,1.992362
ENSP00000367950,ENSG00000164403,0.953,0.6790662328385889,0,0,1,-43.769383369320224,TAG_stay,0.010951
ENSP00000239938,ENSG00000120738,0.179,0.6262254901960784,1,0,0,-47.01949168993122,TAA_stay,0.154692
ENSP00000276420,ENSG00000147443,10.3,0.6493619875212263,0,1,0,-35.81431931324505,TGA_stay,0.0
ENSP00000332198,ENSG00000182117,35.0,0.4841995841995842,0,1,0,-18.853801778198488,TAA>TGA,0.0
ENSP00000323895,ENSG00000197309,0.125,0.48775292864749736,0,0,1,-53.56229265449067,TAG_stay,3.757355
ENSP00000221444,ENSG00000104848,0.438,0.6411378555798687,0,1,0,-46.061700753993684,TGA_stay,0.0
ENSP00000294189,ENSG00000162244,486,0.5377754479644142,0,0,1,434.65675419467107,TAG_stay,0.21034
ENSP00000364310,ENSG00000188486,671,0.6967592592592593,1,0,0,627.1067088755296,TGA>TAA,0.594222
ENSP00000281047,ENSG00000151379,1.12,0.6151202749140894,0,1,0,-46.5988802118705,TGA_stay,0.0
ENSP00000339566,ENSG00000187837,568,0.5747663551401869,0,0,1,518.3901418887947,TAG_stay,0.252968
ENSP00000243103,ENSG00000123407,0.029,0.6666666666666666,1,0,0,-45.27442495645271,TAG>TAA,0.042029
ENSP00000344040,ENSG00000278889,0.003,0.528125,0,1,0,-51.792464175232894,TGA_stay,0.724511
ENSP00000278409,ENSG00000149133,0.475,0.45714285714285713,0,1,0,-54.64667546133186,TGA_stay,0.0
ENSP00000274520,ENSG00000145839,0.128,0.48735632183908045,0,1,0,-53.577877582885336,TGA_stay,0.34804
ENSP00000341094,ENSG00000196866,415,0.628498727735369,1,0,0,367.908031839154,TAA_stay,0.0
ENSP00000309606,ENSG00000175213,2.26,0.627831715210356,0,1,0,-44.863224255680095,TGA_stay,0.0
ENSP00000418842,ENSG00000184983,65.1,0.5037171329869504,0,1,0,12.160787278153052,TGA_stay,0.0
ENSP00000346879,ENSG00000136352,5.9,0.7144210568412764,0,1,0,-37.16566225775198,TGA_stay,11.575884
ENSP00000320951,ENSG00000176797,0.035,0.47549019607843135,1,0,0,-54.2269222419875,TAA_stay,2.615717
ENSP00000329153,ENSG00000184954,0,0.36847710330138445,1,0,0,-59.27653778651598,TAA_stay,0.0
ENSP00000329153,ENSG00000184954,0,0.36847710330138445,1,0,0,-59.27653778651598,TAA_stay,0.0
ENSP00000346080,ENSG00000163584,49.5,0.4057705342493927,0,0,1,-8.028973879262999,TAG>TAA,0.083197
ENSP00000294189,ENSG00000162244,486,0.5377754479644142,0,0,1,434.65675419467107,TAG_stay,0.21034
ENSP00000335575,ENSG00000197233,0.246,0.4978768577494692,0,1,0,-52.96688703804687,TGA_stay,0.0
ENSP00000370421,ENSG00000139515,0.65,0.7077464788732394,0,1,0,-42.728431859705445,TGA_stay,1.163858
ENSP00000372005,ENSG00000205981,42.9,0.40362340960167054,0,1,0,-14.729587779441921,TGA_stay,0.0
ENSP00000272223,ENSG00000143867,0.147,0.5867665418227216,1,0,0,-48.9005313798319,TAA_stay,0.127629
ENSP00000332790,ENSG00000184270,717,0.628498727735369,1,0,0,669.908031839154,TAA_stay,0.018042
ENSP00000296417,ENSG00000164032,259,0.5136163598191215,1,0,0,206.52466338399407,TAA_stay,0.0
ENSP00000300098,ENSG00000166856,0.009,0.5647675648145661,0,1,0,-50.06939974561827,TGA>TAG,0.0
ENSP00000295206,ENSG00000163064,0.096,0.6988973706530959,0,0,1,-43.697099583853905,TAG_stay,0.0
ENSP00000226253,ENSG00000109107,641,0.5529505387924702,0,1,0,590.3678564007772,TGA_stay,0.933058
ENSP00000305995,ENSG00000170950,187,0.4688995215311005,0,0,1,132.4292398562538,TAA>TAG,0.0
ENSP00000223061,ENSG00000106333,47.7,0.6229629629629629,0,1,0,0.34862683217603774,TGA_stay,0.690422
ENSP00000318057,ENSG00000179388,0.016,0.6226151384570628,0,1,0,-47.351672165720316,TGA_stay,2.121542
ENSP00000308591,ENSG00000175229,0.038,0.6959876543209876,0,1,0,-43.89144840221353,TGA_stay,0.08466
ENSP00000356541,ENSG00000169976,67.3,0.5747126436781609,0,1,0,17.68762497871004,TGA_stay,1.173261
ENSP00000301464,ENSG00000167779,79.7,0.6515371848327309,1,0,0,33.68761006724125,TGA>TAA,3e-06
ENSP00000319914,ENSG00000176907,0.035,0.470404984423676,0,1,0,-54.46521440558548,TGA_stay,0.276083
ENSP00000319914,ENSG00000176907,0.035,0.470404984423676,0,1,0,-54.46521440558548,TAA_stay,0.276083
ENSP00000294117,ENSG00000162188,2.28,0.5350877192982456,0,1,0,-49.18919231896653,TGA_stay,0.0
ENSP00000429399,ENSG00000253313,0.173,0.6052631578947368,0,1,0,-48.00778305895916,TGA_stay,3.645401
ENSP00000272425,ENSG00000144035,2.29,0.564327485380117,0,1,0,-47.80902179396346,TGA_stay,0.0
ENSP00000302189,ENSG00000171786,2.54,0.6741293532338308,0,1,0,-42.41372471798178,TGA_stay,0.15638
ENSP00000365687,ENSG00000168267,0.523,0.6236472303177728,0,1,0,-46.79630851456521,TGA_stay,0.0
ENSP00000362932,ENSG00000188060,0.064,0.6308046868269148,0,1,0,-46.919911305320845,TGA_stay,0.0
ENSP00000274024,ENSG00000145384,1.3,0.38095238095238093,0,1,0,-57.39194837219701,TGA_stay,0.0
ENSP00000294189,ENSG00000162244,486,0.5377754479644142,0,0,1,434.65675419467107,TAG_stay,0.21034
ENSP00000291495,ENSG00000160161,1.12,0.6829012926909688,0,1,0,-43.42267310909994,TGA_stay,0.589598
ENSP00000325076,ENSG00000254737,0.022,0.5395299145299145,1,0,0,-51.239031796898765,TAA_stay,0.0
ENSP00000358739,ENSG00000013392,0.041,0.4254835039817975,1,0,0,-56.56422743026644,TAG>TAA,0.0
ENSP00000386210,ENSG00000221937,0.512,0.4711934156378601,0,1,0,-53.951268651380644,TGA_stay,0.606497
ENSP00000334547,ENSG00000186051,0.193,0.5382262996941896,0,0,1,-51.12911896903501,TAG_stay,0.0
ENSP00000355064,ENSG00000198892,0.208,0.6212121212121212,0,1,0,-47.2254173180484,TGA_stay,1.220947
ENSP00000290295,ENSG00000159184,0.097,0.6198830409356725,1,0,0,-47.398697796457625,TGA>TAA,0.118336
ENSP00000253788,ENSG00000131469,431,0.5109487949223236,0,0,1,378.39966174120076,TAG_stay,0.067857
ENSP00000225873,ENSG00000108733,0.123,0.47339321299767545,0,1,0,-54.23718651676442,TGA_stay,0.353595
ENSP00000310117,ENSG00000173457,30.6,0.6048654372061162,0,1,0,-17.59942018359299,TAA>TGA,0.687328
ENSP00000357736,ENSG00000203784,0.187,0.5488215488215489,0,1,0,-50.63862737540448,TGA_stay,0.515772
ENSP00000248076,ENSG00000127533,0.187,0.6958003817834743,0,1,0,-43.75122396185121,TAA>TGA,10.187617
ENSP00000326718,ENSG00000179919,0.205,0.4426919032597266,0,1,0,-55.593844731886335,TGA_stay,0.899852
ENSP00000393241,ENSG00000231500,588,0.537627634721894,1,0,0,536.6498276909658,TAA_stay,0.0
ENSP00000329056,ENSG00000185926,0,0.44516129032258067,1,0,0,-55.68312966908888,TAA_stay,0.0
ENSP00000383909,ENSG00000142700,1.16,0.7372621240024555,0,0,1,-40.835333688903866,TAA>TAG,1.708014
ENSP00000222718,ENSG00000105996,0,0.5481874447391689,1,0,0,-50.85534138614685,TAA_stay,1.530445
ENSP00000222718,ENSG00000105996,0,0.5481874447391689,1,0,0,-50.85534138614685,TAA_stay,1.530445
ENSP00000307705,ENSG00000168298,591,0.6136363636363636,0,0,1,543.211583955019,TAA>TAG,0.0
ENSP00000369573,ENSG00000183251,0.112,0.4480171489817792,0,1,0,-55.4373046122313,TGA_stay,2.202281
ENSP00000295440,ENSG00000163273,0.023,0.6929133858267716,0,0,1,-44.050508107237356,TAG_stay,0.645721
ENSP00000293330,ENSG00000161610,0.506,0.7297979797979798,0,1,0,-41.83910223201426,TGA_stay,0.0
ENSP00000244050,ENSG00000124216,1.27,0.6238993710691824,0,1,0,-46.03749324132513,TGA_stay,1.648716
ENSP00000386165,ENSG00000221869,3.39,0.7493827160493827,1,0,0,-38.03736478238847,TAA_stay,0.0
ENSP00000269576,ENSG00000186395,2356,0.5821937321937323,1,0,0,2306.738187529391,TAA_stay,3.655374
ENSP00000390590,ENSG00000181418,0.963,0.6732209737827716,0,1,0,-44.03329122640989,TGA_stay,0.0
ENSP00000296871,ENSG00000164400,0.215,0.5816091954022988,0,1,0,-49.07420376642716,TGA_stay,0.0
ENSP00000254122,ENSG00000131808,1.54,0.4846153846153846,1,0,0,-52.294317440587214,TAA_stay,0.026329
ENSP00000285407,ENSG00000155090,0.572,0.49840831011043774,0,1,0,-52.61598326971974,TGA_stay,0.578351
ENSP00000263326,ENSG00000125571,0.902,0.4899197739523659,0,0,1,-52.68375464763182,TAG_stay,0.02622
ENSP00000362208,ENSG00000116898,19.3,0.5142118863049095,1,0,0,-33.1474303449571,TAA_stay,1.4e-05
ENSP00000214869,ENSG00000099203,26.0,0.6246594115042939,0,1,0,-21.271877874256717,TAG_stay,0.0
ENSP00000367189,ENSG00000204922,3.48,0.6418439716312057,0,1,0,-42.986612274487236,TGA_stay,0.0
ENSP00000297283,ENSG00000164708,89.7,0.6194225721784777,0,1,0,42.182724714959654,TGA_stay,0.0
ENSP00000364152,ENSG00000284680,0.186,0.41932059447983017,1,0,0,-56.70802033388315,TAA_stay,0.0
ENSP00000245414,ENSG00000125347,0.56,0.5351220206873847,0,0,1,-50.90758496163565,TAG_stay,1.771378
ENSP00000308720,ENSG00000204983,497,0.545480913899751,1,0,0,446.0178310335367,TAA>TGA,0.425819
ENSP00000312631,ENSG00000173404,0.268,0.7553816046966731,0,0,1,-40.87825786845905,TAG_stay,0.0
ENSP00000310832,ENSG00000174080,1.36,0.5609892920013289,0,1,0,-48.89544897472712,TGA_stay,0.0
ENSP00000359396,ENSG00000203909,0,0.5754985754985755,0,1,0,-49.57554638825715,TGA_stay,0.0
ENSP00000259938,ENSG00000137392,6.59,0.5643529692202258,0,1,0,-43.50782762549838,TGA_stay,0.934428
ENSP00000357721,ENSG00000143546,781,0.4645390070921986,0,0,1,726.2249068824091,TAG_stay,0.0
ENSP00000301039,ENSG00000167525,0.053,0.5563801082467709,0,1,0,-50.418434550915904,TGA_stay,0.575668
ENSP00000356429,ENSG00000090104,0.308,0.3952847805788982,1,0,0,-57.712334534185,TGA_stay,0.0
ENSP00000356429,ENSG00000090104,0.308,0.3952847805788982,1,0,0,-57.712334534185,TGA_stay,0.0
ENSP00000258424,ENSG00000135940,87.7,0.6,0,1,0,39.272586246540286,TGA_stay,0.0
ENSP00000307850,ENSG00000175550,36.8,0.6175325570460931,0,0,1,-10.805841076536495,TAG_stay,4.3e-05
ENSP00000294189,ENSG00000162244,486,0.5377754479644142,0,0,1,434.65675419467107,TAG_stay,0.21034
ENSP00000248564,ENSG00000127920,101,0.3918918918918919,1,0,0,42.82067527209951,TAA_stay,0.0
ENSP00000366542,ENSG00000197279,0.007,0.4430727023319616,1,0,0,-55.774000551352735,TGA>TAA,0.0
ENSP00000294189,ENSG00000162244,486,0.5377754479644142,0,0,1,434.65675419467107,TAG_stay,0.21034
ENSP00000308733,ENSG00000173250,1.09,0.5007936507936508,0,0,1,-51.9862066061487,TAG_stay,0.034765
ENSP00000304908,ENSG00000168454,0.048,0.5543717836520159,1,0,0,-50.51754430393743,TAA_stay,2.061459
ENSP00000344936,ENSG00000164611,1.73,0.46004641909814326,1,0,0,-53.25561503603592,TGA>TAA,0.898076
ENSP00000344936,ENSG00000164611,1.73,0.46004641909814326,1,0,0,-53.25561503603592,TAG_stay,0.898076
ENSP00000337040,ENSG00000109103,2.64,0.6220879810668484,0,1,0,-44.75237467243966,TGA_stay,0.746738
ENSP00000258034,ENSG00000135569,0.104,0.5285996055226825,0,1,0,-51.66922424019502,TGA_stay,0.017077
ENSP00000311712,ENSG00000175077,0.041,0.6060606060606061,1,0,0,-48.10241477191363,TAG>TAA,2.598917
ENSP00000312624,ENSG00000173991,1.25,0.6461640211640212,0,1,0,-45.01417547934177,TGA_stay,7.1e-05
ENSP00000312624,ENSG00000173991,1.25,0.6461640211640212,0,1,0,-45.01417547934177,TGA_stay,7.1e-05
ENSP00000311038,ENSG00000196099,0.195,0.46709129511677283,0,1,0,-54.460493329658384,TGA_stay,0.967346
ENSP00000223054,ENSG00000106330,0.305,0.6482073748355911,0,1,0,-45.863424269667156,TGA_stay,4.7e-05
ENSP00000274306,ENSG00000145649,4.56,0.4372623574144487,1,0,0,-51.49327233778859,TAG>TAA,0.0
ENSP00000329890,ENSG00000164816,3.46,0.5719298245614035,0,1,0,-46.282777457462664,TGA_stay,2.615717
ENSP00000342374,ENSG00000125743,602,0.5495426257199599,0,0,1,551.2081621668817,TAG_stay,4.287835
ENSP00000221972,ENSG00000105369,2.1,0.6118619023616475,0,1,0,-45.771567002125046,TGA_stay,0.0
ENSP00000398736,ENSG00000142871,3.87,0.5567190226876091,1,0,0,-46.58555307717106,TAA_stay,0.0
ENSP00000272425,ENSG00000144035,2.29,0.564327485380117,0,1,0,-47.80902179396346,TGA_stay,0.0
ENSP00000356708,ENSG00000177468,1.04,0.6471306471306472,0,1,0,-45.17887954898223,TGA_stay,0.000117
ENSP00000308354,ENSG00000173825,0.141,0.6221751412429378,0,1,0,-47.24729036123493,TGA_stay,0.409854
ENSP00000352565,ENSG00000164107,0.212,0.6210868909370033,0,1,0,-47.22728558769611,TGA_stay,0.181742
ENSP00000308137,ENSG00000110195,10.4,0.5671834625322998,0,1,0,-39.56519118454455,TGA_stay,0.0
ENSP00000294189,ENSG00000162244,486,0.5377754479644142,0,0,1,434.65675419467107,TAG_stay,0.21034
ENSP00000302863,ENSG00000171481,0.268,0.4266666666666667,0,1,0,-56.281784625677915,TGA_stay,8.02554
ENSP00000254940,ENSG00000132603,65.2,0.4903834124525296,1,0,0,11.63597137457377,TAA>TGA,2.998394
ENSP00000398350,ENSG00000175573,17.5,0.6521742308350468,0,0,1,-28.48253806414256,TAG_stay,0.338487
ENSP00000335025,ENSG00000186119,0.402,0.4575371549893843,0,1,0,-54.701198730503336,TGA_stay,0.0
ENSP00000319006,ENSG00000177352,0.643,0.5925925925925926,0,1,0,-48.131523619793825,TGA_stay,0.0
ENSP00000274565,ENSG00000145879,5.97,0.4564599483204134,1,0,0,-49.183676453992234,TAA_stay,0.818175
ENSP00000375073,ENSG00000176396,0.026,0.6469760900140648,0,0,1,-46.20012206949275,TAA>TAG,0.0
ENSP00000328596,ENSG00000184302,0.548,0.6221322537112011,0,1,0,-46.84230006376508,TGA_stay,0.0
ENSP00000362255,ENSG00000112212,0.139,0.583651355828277,0,1,0,-49.05450847204046,TGA_stay,0.99996
ENSP00000361923,ENSG00000172586,8.71,0.575530212084834,0,0,1,-40.86406390314145,TGA_stay,0.117784
ENSP00000357726,ENSG00000163221,53.8,0.44086021505376344,0,0,1,-2.0846773334119177,TAG_stay,1.020522
ENSP00000365838,ENSG00000204595,0.211,0.4878472222222222,0,1,0,-53.471874073424615,TAG>TAA,2.065399
ENSP00000365838,ENSG00000204595,0.211,0.4878472222222222,0,1,0,-53.471874073424615,TAG>TGA,2.065399
ENSP00000412237,ENSG00000136634,0.357,0.49540059910027595,0,1,0,-52.971924102225444,TGA_stay,4.47241
ENSP00000342374,ENSG00000125743,602,0.5495426257199599,0,0,1,551.2081621668817,TAG_stay,4.287835
ENSP00000295834,ENSG00000163586,238,0.48367708333333337,1,0,0,184.12171391901262,TAG>TAA,0.0
ENSP00000303394,ENSG00000169271,0.595,0.4988962472406181,0,1,0,-52.57011861779483,TGA_stay,0.0
ENSP00000331397,ENSG00000183114,0.065,0.7424242424242424,0,1,0,-41.68843768712657,TGA_stay,0.0
ENSP00000296875,ENSG00000164404,0.377,0.46217125290694766,1,0,0,-54.509045680822815,TAA_stay,3.058432
ENSP00000348449,ENSG00000280090,0.197,0.45698924731182794,1,0,0,-54.93187359220054,TGA>TAA,0.0
ENSP00000345785,ENSG00000188763,0.006,0.6773648648648649,0,0,1,-44.79610918666273,TAG_stay,1.169481
ENSP00000290208,ENSG00000159111,18.9,0.6007748901087153,0,0,1,-29.49110253318164,TAG_stay,0.040222
ENSP00000388293,ENSG00000215845,28.2,0.586706290750025,0,0,1,-20.850354734973568,TAG_stay,0.232305
ENSP00000343464,ENSG00000187821,0.151,0.638137255688103,0,1,0,-46.48930836068633,TGA_stay,0.95182
ENSP00000215909,ENSG00000100097,631,0.5959473533002945,0,1,0,582.3826799032187,TGA_stay,0.485988
ENSP00000309751,ENSG00000174327,0.507,0.6104605776736924,0,1,0,-47.43023284151716,TGA_stay,4.600942
ENSP00000378503,ENSG00000213588,0.677,0.5647817277983513,0,1,0,-49.40073607057811,TGA_stay,0.0
ENSP00000303452,ENSG00000170893,0.687,0.6376190230211616,0,1,0,-45.977592656372856,TGA_stay,0.022304
ENSP00000363799,ENSG00000148156,1.3,0.6482371794871795,0,1,0,-44.867027628702246,TGA_stay,0.0
ENSP00000294189,ENSG00000162244,486,0.5377754479644142,0,0,1,434.65675419467107,TAG_stay,0.21034
ENSP00000270631,ENSG00000142538,0.113,0.7392739273927392,0,1,0,-41.78806092010846,TGA_stay,0.0
ENSP00000219789,ENSG00000103502,35.7,0.5722148157375194,0,1,0,-14.029422818841184,TGA_stay,3.1e-05
ENSP00000313691,ENSG00000181867,0.107,0.6049382716049383,1,0,0,-48.08900717590364,TAA_stay,1.181791
ENSP00000328928,ENSG00000182742,1.97,0.6851851851851852,0,0,1,-42.46565029061743,TAG_stay,0.146095
ENSP00000278765,ENSG00000149435,0.699,0.6047197640117994,0,1,0,-47.507246404999044,TAA>TGA,0.0
ENSP00000301995,ENSG00000171222,0.683,0.7055555555555556,0,1,0,-42.79809815819863,TGA_stay,0.85006
ENSP00000294189,ENSG00000162244,486,0.5377754479644142,0,0,1,434.65675419467107,TAG_stay,0.21034
ENSP00000336829,ENSG00000171557,2068,0.4040915942253171,1,0,0,2010.392351273346,TAA_stay,0.465817
ENSP00000386184,ENSG00000221886,0.193,0.3831932773109244,1,0,0,-58.393940345406854,TGA>TAA,0.0
ENSP00000360020,ENSG00000162595,0.303,0.5608695652173913,0,1,0,-49.95805935170296,TGA_stay,0.404891
ENSP00000244623,ENSG00000124657,0,0.4394904458598726,1,0,0,-55.948864487654916,TAA>TGA,0.0
ENSP00000294189,ENSG00000162244,486,0.5377754479644142,0,0,1,434.65675419467107,TAG_stay,0.21034
ENSP00000301691,ENSG00000167941,0.645,0.6869158878504673,0,0,1,-43.709549854558055,TAG_stay,0.049981
ENSP00000294189,ENSG00000162244,486,0.5377754479644142,0,0,1,434.65675419467107,TAG_stay,0.21034
ENSP00000369568,ENSG00000176239,0.066,0.45260915867944623,0,1,0,-55.26812380946241,TGA_stay,0.0
ENSP00000306866,ENSG00000170296,25.9,0.4837327881113192,0,1,0,-27.975675764451886,TGA_stay,2.636442
ENSP00000306866,ENSG00000170296,25.9,0.4837327881113192,0,1,0,-27.975675764451886,TGA_stay,2.636442
ENSP00000301656,ENSG00000171446,55.2,0.5246376811594203,0,1,0,3.2411206499236798,TGA_stay,0.743339
